episode,SF-GMPPO_trial_1,SF-GMPPO_trial_2,SF-GMPPO_trial_3,SF-GMPPO_trial_4,SF-GMPPO_trial_5,,MAPPO_trial_1,MAPPO_trial_2,MAPPO_trial_3,MAPPO_trial_4,MAPPO_trial_5,,MA2C_trial_1,MA2C_trial_2,MA2C_trial_3,MA2C_trial_4,MA2C_trial_5,,IPPO_trial_1,IPPO_trial_2,IPPO_trial_3,IPPO_trial_4,IPPO_trial_5
2,40.08492007,25.54607018,132.46429,-642.8063765,-3.149062666,,-255.7858791,-490.1798393,53.37494299,132.46429,-350.8718115,,-755.527963,257.2281196,-255.7858791,-18.2156977,53.37494299,,243.0731003,281.0061501,148.1538724,103.2146317,260.3544445
3,268.7326727,194.9513964,270.6930965,252.8066416,250.1179629,,307.4775624,116.1399224,175.5528348,270.6930965,127.3153932,,173.8310621,56.573414,307.4775624,109.4946197,175.5528348,,206.53574,204.8113554,188.2884488,245.5353168,277.3050822
4,311.4143689,249.1731854,249.233378,123.070938,212.8131359,,314.5936986,304.694482,347.2778963,249.233378,297.0391126,,345.4588135,364.9536566,314.5936986,216.6598649,347.2778963,,222.6926025,263.317897,383.8148064,286.5367106,262.5928127
5,263.0419617,245.0811721,311.929592,359.0188011,342.1568503,,234.2534133,288.8822079,270.4576445,311.929592,253.4678367,,228.1453314,216.7024702,234.2534133,157.6955682,270.4576445,,187.7175245,275.5028199,389.9097258,283.9450969,284.2679288
6,302.195946,288.0023224,311.9302037,276.1761791,419.3912199,,385.063333,339.1666249,282.3695653,311.9302037,367.2648028,,286.1055263,433.499555,385.063333,392.9248714,282.3695653,,390.3621341,418.4030444,339.9025091,376.8489233,472.9111779
7,335.5821254,415.6624225,361.4300235,288.9811377,306.6286297,,292.8194891,300.3113347,259.806098,361.4300235,198.468474,,350.6029564,319.2894521,292.8194891,329.6361017,259.806098,,299.8433427,424.7256477,468.8451886,426.5649565,328.0248382
8,324.0848171,494.0845483,335.6978557,386.0656139,415.5571872,,398.9823223,369.8354748,232.5067104,335.6978557,328.8840381,,345.4099088,355.0292477,398.9823223,370.5984515,232.5067104,,288.40155,307.2339656,445.7234654,490.6078473,490.3614066
9,418.8694669,290.3297172,446.3848037,354.3886594,376.8042784,,394.0456903,251.7038952,341.6167098,446.3848037,348.399898,,438.0610777,286.1360659,394.0456903,278.1318045,341.6167098,,406.5381308,359.6220688,431.7120479,339.6673787,400.7953287
10,315.6657712,331.8718067,305.9148701,326.5074525,395.7253553,,365.0738981,268.4690164,352.7380016,305.9148701,456.6205566,,395.793575,369.5562997,365.0738981,271.6130864,352.7380016,,356.5722594,427.8492559,262.7427495,416.9357484,407.9462955
11,380.9055602,471.1831861,487.6339252,420.5728302,354.8929154,,388.8716903,451.0665439,393.7388108,487.6339252,334.4886757,,404.3119995,289.7432168,388.8716903,359.7568877,393.7388108,,343.873271,346.8151105,415.9286342,469.0429649,553.8929349
12,397.1345915,325.9056786,445.2895402,446.4696183,444.9104319,,419.9650168,378.8692357,410.5409717,445.2895402,284.5116173,,448.8292708,298.5583833,419.9650168,414.2283761,410.5409717,,371.0635277,281.5181136,619.3756874,392.9492992,323.3195129
13,372.5116161,469.625402,588.43448,521.7234471,437.5445103,,400.0538012,426.9642602,307.7425336,588.43448,305.7743678,,382.8560407,417.3871562,400.0538012,342.6536016,307.7425336,,350.5634265,317.2657454,482.3376404,394.1258867,483.3262409
14,398.6287363,462.8717756,387.570686,429.8666563,468.5107093,,458.7438231,343.2612388,324.9223939,387.570686,297.2689929,,410.6414054,359.7247217,458.7438231,334.0558208,324.9223939,,454.2838008,293.3951165,375.646544,388.6699379,350.1051557
15,371.3379145,503.8417301,534.0489027,348.1367473,478.3232447,,465.6696431,400.6194439,313.381444,534.0489027,377.922314,,431.6354763,396.3059638,465.6696431,392.121965,313.381444,,445.5818394,287.8571449,354.2221281,428.7748515,518.7508357
16,397.6996119,667.5847119,506.2471981,560.6878511,538.9924162,,601.3396053,324.6679357,434.6470275,506.2471981,376.086693,,432.8813447,285.9893621,601.3396053,344.7786545,434.6470275,,441.343888,264.1202384,475.0185418,433.5307203,459.2652404
17,524.4055599,521.9568037,660.7824214,500.1970306,553.8548444,,577.9376145,531.5026632,560.049144,660.7824214,388.8688247,,486.0384038,381.0236628,577.9376145,352.361647,560.049144,,451.9448451,404.0658512,389.8867694,394.9679672,451.8114771
18,587.0500914,532.6123036,546.0748361,588.5739011,466.3409685,,650.2908133,488.7376863,462.75944,546.0748361,482.5857259,,382.6725193,471.3542824,650.2908133,405.6942423,462.75944,,463.3743364,326.8004634,509.9290378,484.8471987,460.2838808
19,677.5499961,635.2534899,745.8775067,686.9784031,568.5856054,,584.2622424,606.0447925,325.3394515,745.8775067,454.0435849,,489.8443071,445.5273096,584.2622424,365.5486232,325.3394515,,415.0548569,382.2326928,354.8110781,530.0124819,483.3997515
20,725.2623206,544.2432406,577.0470052,516.4858343,621.2658178,,613.3840962,519.1899905,455.259879,577.0470052,494.301742,,380.0790157,560.3966664,613.3840962,244.0215015,455.259879,,450.0451963,297.5872445,295.6339908,356.0266831,429.8893241
21,549.3979501,674.6876287,587.6257222,578.4940483,379.8461698,,592.7520795,489.4173203,470.5031315,587.6257222,431.8463649,,650.1266623,410.7465173,592.7520795,498.2842822,470.5031315,,295.1751515,272.2285119,522.8808809,526.312708,444.6882568
22,606.9200883,591.5259224,697.4398605,531.4006068,602.1582101,,510.7325104,487.4977427,449.0608193,697.4398605,388.17576,,441.6722311,556.1871292,510.7325104,357.333234,449.0608193,,509.9030398,330.9921103,534.1678823,442.2173482,544.9415705
23,685.634139,758.054015,605.8405646,606.3867712,573.2015541,,515.5399323,587.1486362,557.5786117,605.8405646,533.6665765,,425.3120235,507.9243054,515.5399323,417.653771,557.5786117,,369.7455932,446.0673989,373.0231944,416.1273758,510.309396
24,641.9756341,596.6849537,580.9287685,679.3226273,498.967849,,625.2297804,629.3092297,575.6948966,580.9287685,451.7760216,,555.0560274,497.2065908,625.2297804,391.3616685,575.6948966,,494.0860227,280.0497385,559.3020244,522.1853307,398.2588276
25,752.1630515,728.6557869,827.1478308,614.3908611,723.0997875,,533.0601577,552.5219901,481.6118768,827.1478308,555.9113885,,509.8782272,530.6428374,533.0601577,484.3891025,481.6118768,,389.4886067,240.0136238,474.3153734,574.0486515,589.6792995
26,640.2441752,814.3668349,800.2628535,700.8408818,692.3106753,,632.2860237,592.0893693,459.2284179,800.2628535,482.459716,,472.4122158,462.2484585,632.2860237,391.5951167,459.2284179,,377.5365572,371.4732517,436.1099597,478.5476133,393.2339107
27,785.7943929,669.1485116,619.7812924,681.7340526,562.5500078,,611.7654339,649.5595126,624.5848084,619.7812924,436.0638459,,538.736531,382.9473777,611.7654339,435.2818722,624.5848084,,542.3742184,304.3902319,408.4510483,355.5829074,582.6150549
28,632.0954,651.1479423,662.6462898,685.8946637,592.5192487,,636.5990212,448.8713569,620.6621701,662.6462898,488.767443,,447.7893003,411.1832217,636.5990212,306.8773921,620.6621701,,425.2045463,185.7193232,453.8187489,401.000938,380.4622329
29,715.2479247,634.3085571,614.2352343,720.1936772,698.7557102,,763.8881413,693.9580502,479.6341895,614.2352343,321.3577965,,484.2086997,455.472888,763.8881413,345.4180589,479.6341895,,475.3943585,374.3402887,481.2647338,541.2551059,567.2482564
30,677.1160636,724.7149305,611.5663625,716.7579153,727.2954069,,631.7083544,587.8798836,521.8378518,611.5663625,570.6670888,,447.2997949,477.06312,631.7083544,350.5661389,521.8378518,,387.2970841,332.214547,517.3552715,328.0988688,510.8486195
31,740.8041404,716.0253679,686.3065325,611.4001785,606.8729658,,598.8098,571.9814535,573.3251835,686.3065325,456.1842855,,567.9215275,350.6220915,598.8098,425.1000244,573.3251835,,422.7165846,345.6777025,388.7019897,478.5077096,550.3865419
32,791.4052221,757.485537,617.7517601,670.9794208,650.4635021,,728.69146,737.1428314,510.6702223,617.7517601,534.871684,,611.9309309,456.036651,728.69146,358.2107892,510.6702223,,372.6987904,257.8084781,401.0520393,316.466173,488.9398161
33,598.2326868,526.9404572,743.9177824,573.6481407,407.8252251,,548.7721087,508.9019577,521.6844619,743.9177824,385.955236,,501.3151269,548.7800253,548.7721087,357.4348618,521.6844619,,535.9717608,416.877237,354.0828218,306.3342057,522.1889794
34,754.8815368,661.619026,602.4519186,640.9118001,722.2077534,,637.8179325,498.4017483,533.77108,602.4519186,468.8300195,,530.322533,479.3353085,637.8179325,319.2342514,533.77108,,367.9761647,311.1509639,443.1721993,492.2102074,585.5184329
35,735.4524944,593.5076194,655.7520245,593.3143947,559.6598291,,639.1160778,694.3298953,373.6055419,655.7520245,513.0824048,,428.4967791,351.3987812,639.1160778,395.3466181,373.6055419,,335.6352886,419.6164646,514.0428721,510.1345324,615.6651297
36,615.7249329,700.2884465,610.3877163,624.2331619,622.4190588,,610.5343615,591.8188078,522.2994561,610.3877163,464.605892,,423.8174893,464.869176,610.5343615,362.1393542,522.2994561,,347.969039,448.0383761,469.8114334,549.7966188,596.4601295
37,627.4965135,680.9681854,670.743876,529.233443,622.5073167,,638.2352719,623.013089,613.6657942,670.743876,463.1978773,,600.300716,458.1995085,638.2352719,367.4444929,613.6657942,,503.7059248,334.4452326,501.1936936,326.9000132,620.6162401
38,738.8571395,727.7684488,710.7837034,493.1400877,549.506636,,674.4480706,717.1582562,454.9528331,710.7837034,438.0868166,,606.3835775,522.8889863,674.4480706,512.3995306,454.9528331,,252.4155991,426.448021,546.8896406,585.2039942,571.4359603
39,787.4425584,641.4832044,694.3565627,663.7871957,681.2172698,,516.198392,478.8552602,559.6295342,694.3565627,595.9489849,,408.8361386,548.9939651,516.198392,330.4771906,559.6295342,,384.911584,287.9908603,274.7233238,270.3611919,401.2380586
40,681.9199552,751.9175499,744.5651933,649.4203331,509.3921529,,550.4496516,546.3543574,527.3522974,744.5651933,453.8811731,,569.43194,362.7607786,550.4496516,470.6287911,527.3522974,,644.1967681,480.866338,502.6245046,501.5343623,594.0339167
41,770.1999237,666.7347189,712.2051818,568.585842,677.3806843,,487.7239447,711.666835,537.8861443,712.2051818,522.7605055,,527.1478117,492.7560047,487.7239447,449.9713155,537.8861443,,457.0838797,406.3563501,460.8226797,579.58051,586.0928404
42,724.5584878,567.3102788,571.1092452,602.7346861,648.4886162,,646.8289302,562.7816867,490.5068624,571.1092452,635.1166201,,435.3246159,540.7850925,646.8289302,264.6350275,490.5068624,,390.6460273,488.1243363,475.8177399,540.3710724,486.5483777
43,824.2367863,781.1060211,806.9164063,770.0460543,683.3627701,,641.0333983,694.0109399,580.1155683,806.9164063,384.6921041,,429.1584241,321.7177084,641.0333983,517.3806167,580.1155683,,261.3081228,237.025826,312.2543603,464.6348154,448.5874534
44,763.0813917,773.5198086,624.691127,734.6378906,658.6646912,,542.5947332,607.9219799,614.9283749,624.691127,485.7111642,,501.6674784,483.1114515,542.5947332,409.6369276,614.9283749,,469.4262616,448.1275896,536.4844491,478.4546692,458.0262992
45,769.0276591,636.3960639,669.7110141,630.6480224,702.3087618,,630.7105482,599.3715844,422.3576938,669.7110141,521.2631833,,450.9960911,576.6709711,630.7105482,334.5240383,422.3576938,,273.2437629,247.9314574,452.0933402,463.9807216,586.1510259
46,710.9199632,787.9473369,821.8173955,591.1263576,719.7696853,,704.8283367,551.976326,546.9255291,821.8173955,538.6360278,,427.3054728,498.8184968,704.8283367,325.8699138,546.9255291,,509.5824113,336.7579223,383.6789972,401.5314565,675.6427099
47,829.2039492,749.1392793,707.9110329,781.0296709,581.7927171,,683.0425956,626.2671519,519.2474313,707.9110329,630.1319886,,663.658628,560.8400962,683.0425956,471.1128674,519.2474313,,456.6605846,448.1434099,515.235741,429.4591311,518.0314404
48,806.3098324,902.234822,779.6193297,674.2663567,693.7997539,,608.3790848,714.4951891,524.3696326,779.6193297,367.1254982,,532.1817977,673.9198691,608.3790848,419.1027517,524.3696326,,478.1093201,464.8532492,513.3045893,464.8554983,450.9483552
49,763.1593847,700.2022613,773.8991096,638.4454348,696.5007637,,614.0018427,652.2115248,553.2406164,773.8991096,432.8471763,,583.1134443,410.9864698,614.0018427,402.5409788,553.2406164,,500.6251908,421.5449178,445.6511011,365.0449793,616.7273849
50,752.025301,743.9883515,799.9032828,784.0787405,714.5401266,,684.8216431,660.788927,527.9553541,799.9032828,632.1556701,,590.1611842,486.5179837,684.8216431,450.4337836,527.9553541,,349.3773252,637.737057,397.4096732,448.2211375,559.8145805
51,791.4633325,755.5021442,691.7701432,706.5716215,601.3772837,,660.4905957,556.0845654,521.8366103,691.7701432,350.0394492,,488.5516536,619.0764109,660.4905957,474.6871447,521.8366103,,348.2831318,192.9610053,427.8665806,459.2469269,444.2434114
52,779.3250824,888.5975325,808.6107179,681.9194162,657.3647012,,708.7469699,636.1663892,610.3164186,808.6107179,436.4886837,,555.648124,533.4138802,708.7469699,382.8973512,610.3164186,,533.2434112,486.3007006,478.9778891,427.8652832,652.2196157
53,759.1544808,778.2111803,757.7799339,730.6791861,694.0133255,,674.5418405,679.6833802,549.1366083,757.7799339,565.1180579,,582.8054297,479.7878987,674.5418405,540.7467178,549.1366083,,371.4649241,346.0134415,377.7554585,438.0479467,409.0207158
54,800.7802731,644.9128861,680.3567595,511.7674922,674.1069282,,690.4751099,565.3544401,575.7679839,680.3567595,472.3963404,,405.0889493,382.9396062,690.4751099,310.2100393,575.7679839,,384.9632695,445.7252705,458.1773715,579.1806765,324.4579361
55,768.7365958,624.1900239,627.8506348,676.8244688,694.3686103,,661.9744667,510.9985497,597.3754817,627.8506348,519.467778,,519.3444078,494.2534015,661.9744667,362.0544639,597.3754817,,362.6382949,435.5871056,659.590824,356.41852,519.877423
56,801.057677,715.8169245,609.3864434,648.7099763,706.7175828,,705.4624988,606.4339912,493.1515693,609.3864434,358.2428868,,524.155355,475.6978604,705.4624988,407.8783439,493.1515693,,401.353386,383.386146,379.0557773,500.6771238,464.4493405
57,755.1271006,783.0665503,745.2454473,667.736834,659.3397141,,667.4902685,633.3421593,598.0825321,745.2454473,443.5014366,,487.7873277,563.0119035,667.4902685,398.2610218,598.0825321,,354.7243872,434.3484325,373.1266431,348.0270349,472.5952803
58,774.518056,608.177225,730.5627766,628.8723319,690.4839143,,792.6004837,561.0778168,542.5589411,730.5627766,511.1327559,,501.9522759,451.0681633,792.6004837,418.6427238,542.5589411,,371.1406907,499.8120586,285.1927794,485.1990032,445.6579488
59,743.848056,603.9008234,562.8532651,601.492673,682.6846998,,622.9311711,550.9546669,553.4160707,562.8532651,406.1831258,,481.8472862,531.6407302,622.9311711,444.6808207,553.4160707,,347.4737884,250.7392516,484.611249,279.7197202,448.3371474
60,812.7191054,711.4227834,637.7373137,665.915555,744.6578273,,561.3930131,589.9307343,452.0568664,637.7373137,585.2924854,,498.4743626,381.0385656,561.3930131,434.9973427,452.0568664,,294.644121,298.082728,496.2274413,357.2230321,475.7893791
61,754.7324377,618.1397262,742.8284931,695.2212217,548.8699513,,565.0679841,571.4199918,521.0000169,742.8284931,514.8498223,,624.731877,489.0353864,565.0679841,464.0966751,521.0000169,,316.7011939,352.6812888,705.5719788,662.9054669,539.7060068
62,729.0442488,793.9065756,655.2818788,649.8769511,648.7120315,,712.8359018,656.300109,413.8258228,655.2818788,521.5896947,,400.2819959,423.7704464,712.8359018,517.0877965,413.8258228,,418.5724509,330.7685948,395.376456,436.6757155,378.1315281
63,777.2762629,651.5678576,723.2963092,696.8298821,711.4645446,,678.0629242,649.8692825,549.4237579,723.2963092,533.4145759,,459.8115368,453.0854644,678.0629242,248.1015319,549.4237579,,337.7969479,416.9731858,384.1027239,453.8866153,421.6726926
64,760.6196826,644.7234959,698.9208353,706.9612217,660.9096231,,643.3912009,709.299105,613.4851222,698.9208353,452.7527804,,437.1300765,449.0171957,643.3912009,330.67935,613.4851222,,363.4166075,305.0975012,465.5971111,525.5399088,386.2917256
65,691.4046387,758.3401833,770.4511341,707.3243711,679.6812354,,663.590444,619.1986835,527.8829317,770.4511341,505.5752423,,629.7357567,553.6567748,663.590444,263.511898,527.8829317,,430.8740573,264.5890169,408.7033594,539.0300001,534.0041099
66,799.5524067,730.4870677,616.2620669,657.5091609,587.4849593,,629.0859516,540.3966584,555.2089192,616.2620669,491.9135303,,519.5447322,424.5304983,629.0859516,419.1462162,555.2089192,,343.1663415,350.0271461,456.6658552,400.6423459,480.7138278
67,802.3048518,826.5660975,769.9620512,686.9605464,684.9360779,,669.0695814,638.9821847,513.3744706,769.9620512,545.9188056,,480.743672,381.1033182,669.0695814,394.1579738,513.3744706,,262.4057819,254.5461004,407.5439257,352.2093827,393.9642211
68,832.9089552,641.1504864,704.3830466,712.0159935,645.6199645,,686.1675078,610.728115,531.313233,704.3830466,388.3154857,,519.9732352,481.3923189,686.1675078,354.9415733,531.313233,,431.9416523,307.3237173,499.7680747,471.0815174,479.9996142
69,848.7290385,781.5426537,634.049698,725.8818691,702.4811332,,718.2298812,611.4011958,675.4891214,634.049698,594.7213486,,500.1584533,518.800093,718.2298812,354.6056203,675.4891214,,428.4248414,235.7145585,445.6572902,418.1741777,459.1757661
70,789.4855641,771.7305415,713.0365071,616.0028007,791.0851929,,631.9929822,573.1800068,584.3875806,713.0365071,594.8723904,,551.7465634,546.2470422,631.9929822,454.2045426,584.3875806,,496.5398094,280.251193,532.026811,395.4444186,576.7697523
71,912.7008481,728.3451742,615.8859127,740.8227712,693.1184383,,633.5213126,659.6005974,683.4964694,615.8859127,569.074918,,657.624071,521.6713336,633.5213126,332.7979427,683.4964694,,338.3457427,177.2567095,388.7314326,424.1147789,385.4940754
72,713.69333,678.4947684,586.7236646,568.2652982,738.5299358,,663.2343334,610.119887,404.7179599,586.7236646,528.3668967,,629.8871286,468.0753833,663.2343334,233.0839674,404.7179599,,299.3977171,305.0196144,406.3609986,423.2613681,375.2774581
73,793.6061486,801.2486614,834.1730113,830.2082993,575.0189114,,749.8542185,638.3972259,630.1471423,834.1730113,294.9165854,,442.4275355,547.982677,749.8542185,515.7812003,630.1471423,,362.5238817,239.6613292,495.3701771,413.0318342,447.8475572
74,814.6443027,631.5962878,760.5109052,592.6717142,743.885072,,701.3736381,555.0464026,412.680202,760.5109052,479.6056027,,551.3017784,487.6916526,701.3736381,359.8041285,412.680202,,290.3360413,314.6797398,478.8551742,428.3930128,495.1092943
75,887.8720206,705.7516145,668.868005,529.7820087,615.0572374,,679.5249694,599.4342682,511.8041621,668.868005,450.8562142,,373.3255967,486.9082468,679.5249694,304.6534972,511.8041621,,480.9362422,548.9328755,467.4718101,411.842567,366.65262
76,944.7537983,704.5087268,747.485104,645.8323933,746.9128146,,715.747513,636.0140548,534.6374118,747.485104,486.0009344,,539.406549,572.9397216,715.747513,407.799812,534.6374118,,330.6967586,266.9025151,356.3161331,366.4240411,503.7919295
77,731.3453163,762.3925484,716.6718587,724.7588401,720.4446835,,663.179232,571.6596209,650.1439008,716.6718587,402.3541681,,569.0607612,368.6218102,663.179232,362.8764202,650.1439008,,426.9231018,270.5135676,604.1562722,442.8312599,536.2353562
78,795.6521895,672.0954302,766.2053703,514.892496,550.7931221,,576.167098,754.0452878,550.5817896,766.2053703,429.7317959,,448.0935627,398.3645719,576.167098,465.133298,550.5817896,,488.4770098,368.4442771,324.1490132,619.2854142,614.7728868
79,733.4433139,801.9349262,743.7038451,677.459271,517.4954142,,794.0927567,586.9848173,558.769587,743.7038451,412.8991918,,559.7643931,538.4785345,794.0927567,346.8667776,558.769587,,428.8560073,328.2729886,446.94631,443.6062734,548.496336
80,924.79221,761.7829475,681.7503098,620.7621455,611.4406153,,576.7534898,538.6196591,402.3269794,681.7503098,497.9974695,,477.549299,504.2357756,576.7534898,384.0700728,402.3269794,,395.1204624,271.734771,387.0432143,451.8451724,500.2542548
81,874.9374487,791.5187223,743.328272,722.3171165,656.0721442,,625.7376105,508.4629992,489.2234057,743.328272,515.7168919,,535.8552025,548.1823507,625.7376105,521.4422604,489.2234057,,402.5369055,413.7456595,437.7239259,477.8118646,511.8180814
82,897.0003167,714.320717,770.2678292,698.4783203,695.1561494,,731.2359642,600.5219523,652.7407254,770.2678292,516.4724928,,571.9169745,476.9881988,731.2359642,344.2005275,652.7407254,,413.787301,237.2403263,346.9396548,434.5667514,537.5946154
83,932.1542839,705.6224265,631.6446376,579.8444997,730.0976817,,677.4848862,663.4504133,468.0835212,631.6446376,659.6603342,,488.2229265,336.485323,677.4848862,418.6622738,468.0835212,,417.6828073,444.6809966,601.8628387,483.544426,568.0018985
84,763.3785821,788.6757165,791.9823684,698.8288448,638.4127031,,724.3097231,478.9613155,522.1735311,791.9823684,516.1913598,,447.5344364,516.3236035,724.3097231,373.2273476,522.1735311,,364.8663348,404.5159453,386.3819051,335.9882106,517.0486097
85,849.9217722,757.1784192,662.5119878,621.5454771,775.6754772,,703.4199517,667.6232786,583.2178316,662.5119878,599.4901656,,426.5213081,560.3689918,703.4199517,368.5293846,583.2178316,,494.4512241,525.4211577,437.2772887,347.7925103,556.3971895
86,738.2890597,745.3146533,782.1299562,582.6768823,571.2569914,,718.8852836,600.6536825,581.2021345,782.1299562,480.0710935,,767.6773234,461.1345915,718.8852836,389.2068037,581.2021345,,341.3096642,399.5688057,541.8811969,369.0091502,484.9617672
87,832.1815178,614.9244019,627.0580713,536.6412454,682.0287295,,769.4207021,548.3389723,623.8265628,627.0580713,491.6265432,,593.8890063,515.5442721,769.4207021,372.9976268,623.8265628,,262.5497706,384.2018175,356.1042056,554.6361957,485.6868494
88,754.5831643,738.5711178,704.7823508,803.5428176,622.592273,,685.0226844,652.6950882,537.7120355,704.7823508,467.8176305,,521.8316177,461.53305,685.0226844,320.7750494,537.7120355,,377.4077479,489.8947787,496.025286,388.6880397,479.7303034
89,787.5392343,772.9906811,766.6878329,649.8076485,822.4237163,,609.0239308,563.846677,591.7351942,766.6878329,480.6366628,,423.3294773,363.7396645,609.0239308,448.8738969,591.7351942,,444.6106691,332.6444244,376.0532543,483.0465318,554.4894008
90,805.5757125,733.6275129,789.8321254,731.6926966,640.3525254,,639.9853411,741.2135979,521.3506632,789.8321254,472.924463,,566.1149859,543.7230581,639.9853411,345.6043767,521.3506632,,625.2644772,300.5599359,443.9793678,379.8887063,523.2813328
91,842.9055301,575.4587255,696.7089194,753.8077076,643.3854782,,634.9289768,556.1563813,513.2632099,696.7089194,405.8234674,,576.600183,516.8737196,634.9289768,375.8828222,513.2632099,,391.1004654,455.8590284,577.4343341,594.0768281,468.1690182
92,786.3225249,701.7822315,823.134117,803.738828,616.8769171,,624.7005953,681.4875644,496.5027081,823.134117,406.55427,,514.4502498,503.6011981,624.7005953,444.3663313,496.5027081,,309.0592172,264.4798306,459.5217627,587.2293391,512.3663852
93,807.3687076,795.3757516,776.5835998,819.9207605,647.7921587,,591.0448909,564.7876211,512.8553879,776.5835998,506.1624879,,469.1320012,481.3596188,591.0448909,460.8734257,512.8553879,,468.710271,246.086513,364.6120879,386.4216032,489.7189973
94,901.6689374,778.7718965,794.1381928,723.9106614,612.3803113,,557.0650939,665.5528461,571.3146542,794.1381928,619.2456358,,463.8018592,491.3974336,557.0650939,406.0642065,571.3146542,,455.8014517,298.0492322,440.6801463,288.399392,533.7808944
95,893.0643826,735.9309504,597.1295069,570.9367131,718.154742,,529.0511819,671.0336924,555.1868858,597.1295069,626.7306518,,538.3596185,519.0329946,529.0511819,395.968438,555.1868858,,336.5565588,221.4469651,496.8930351,534.6719198,591.5508188
96,948.384226,846.7437737,723.5963471,692.7748779,690.6763075,,688.2510548,706.6042696,482.527124,723.5963471,619.250338,,577.1124935,439.4238677,688.2510548,370.3190898,482.527124,,341.1538473,218.5903104,488.5304974,492.1522497,619.7057646
97,878.4900966,618.1686646,672.9756906,679.5879974,668.1198165,,686.8136255,650.2773752,673.6546006,672.9756906,410.5545655,,583.9621146,503.5632102,686.8136255,406.9551018,673.6546006,,578.9184832,406.7753588,471.8900859,358.8971661,564.658776
98,824.9788144,945.4646966,761.4644645,652.6359838,624.79401,,730.9072769,500.2322702,497.9333533,761.4644645,528.7130863,,514.1161933,401.3304396,730.9072769,328.8353772,497.9333533,,397.7495554,209.4469935,364.5020484,533.8521398,462.0406167
99,878.8609461,796.2118098,747.1354105,758.2889661,592.7104813,,518.8159756,571.4149011,522.1698187,747.1354105,482.813806,,443.4725945,482.4308491,518.8159756,296.1612341,522.1698187,,614.5984911,423.2093381,520.1374649,600.9551971,593.0798888
100,862.6897867,906.1279616,727.0969012,658.4655621,596.32963,,640.2124329,633.0532963,624.1036979,727.0969012,491.2147514,,501.3157386,485.1655037,640.2124329,322.1402846,624.1036979,,527.7182201,445.6049171,449.6444674,346.6786807,509.3239418
101,851.7517784,695.0532744,743.8610592,743.4460008,692.0121142,,682.2178876,628.0259336,394.2615941,743.8610592,514.3979375,,479.5593008,478.292718,682.2178876,591.4052768,394.2615941,,656.32129,367.6522272,559.9013736,633.3903909,557.4775054
102,795.579088,708.2490524,817.7240033,704.8784016,609.6169015,,648.4650121,609.7008105,546.4785011,817.7240033,502.8876364,,619.1619271,370.0590844,648.4650121,365.893739,546.4785011,,420.8000617,432.5159742,698.852123,473.2985706,654.5016744
103,796.4937583,833.2464976,686.0709765,619.9904767,853.5389844,,655.329555,584.1948152,663.4452061,686.0709765,485.7961519,,550.2508911,683.5746403,655.329555,394.1320516,663.4452061,,439.1655631,556.3209273,650.9021151,557.8048491,406.8628595
104,768.283106,669.79489,832.5461347,628.4991493,532.1471286,,767.8069889,691.3627141,591.6208659,832.5461347,389.696089,,609.1387946,471.1018968,767.8069889,331.2387415,591.6208659,,493.7868526,370.8914909,527.322564,551.4138627,390.6065374
105,780.1171189,622.2700726,674.1631422,613.6017235,591.1613232,,620.4425975,673.103873,660.0289941,674.1631422,320.6315698,,478.7113944,540.1770344,620.4425975,477.7452996,660.0289941,,468.4243473,456.494174,538.1864947,604.4808788,554.0038444
106,878.3803869,666.8717619,793.6864271,694.4144384,688.5420357,,657.3753066,528.7921479,563.9724019,793.6864271,446.3593847,,426.7539097,546.6941207,657.3753066,273.6631525,563.9724019,,596.1198574,536.4421758,610.5500386,755.6151177,732.6053469
107,838.8965757,730.1110148,773.9789828,882.8785917,660.6926275,,823.2267047,690.672112,561.1534149,773.9789828,474.4926989,,633.9692924,574.544712,823.2267047,402.2768962,561.1534149,,530.3104419,443.1400402,587.693333,570.1074288,603.7075707
108,948.2694983,707.2892101,535.3158059,688.0581597,654.1620075,,572.0613437,645.3813633,508.6055527,535.3158059,570.9954036,,491.3285083,540.8533312,572.0613437,442.3922433,508.6055527,,372.6486781,426.4255013,459.61639,509.9104498,420.9760324
109,857.3645605,796.3131202,740.1408053,719.64661,696.377102,,718.5962342,650.8137799,377.0350002,740.1408053,641.3580057,,479.9617227,361.5050854,718.5962342,350.8138438,377.0350002,,496.8252376,284.466803,305.0224181,311.2385173,433.417621
110,880.770585,829.7942966,763.8555599,714.9632106,556.1250846,,578.1307471,652.2097616,463.0898683,763.8555599,526.6979246,,567.4002533,645.6012002,578.1307471,293.3463867,463.0898683,,465.879759,517.9662278,410.9498414,506.0349666,449.2452808
111,821.4303828,786.7404352,810.9185681,717.4178296,693.6011756,,604.0241726,531.0782791,693.3940844,810.9185681,558.8101987,,518.5394434,518.7523913,604.0241726,473.0209649,693.3940844,,448.6319717,432.0565126,363.162241,629.3430376,521.8309825
112,786.2299675,702.1785262,786.638644,733.781439,708.4888782,,583.1327306,626.5240945,552.1920611,786.638644,483.1288539,,434.5186477,576.7823316,583.1327306,565.3494816,552.1920611,,530.5382663,221.1049829,270.3221297,468.3190339,599.8677056
113,903.2914318,704.4023149,687.5821491,639.5630951,650.1979031,,661.7522368,700.3774392,728.2613125,687.5821491,617.218905,,486.9335207,504.0482583,661.7522368,458.4949722,728.2613125,,661.161724,406.7132597,472.714799,662.9472175,654.8389101
114,687.9603694,805.6544465,596.1114544,744.4195496,578.4726525,,656.6967314,587.4204126,606.7990932,596.1114544,536.8495975,,542.9620698,576.163657,656.6967314,436.1260387,606.7990932,,561.3679748,246.072504,471.034684,435.0693506,594.7447339
115,768.313345,845.725819,735.6371334,566.4847963,691.0227871,,707.7728164,754.1578136,568.6514911,735.6371334,409.5147347,,562.3780404,411.8158643,707.7728164,426.1490857,568.6514911,,394.7727214,460.5820818,549.6711569,213.416173,450.0686967
116,838.4615712,747.3032447,748.5854502,543.7137479,559.3113419,,760.1126611,770.3291852,504.5605783,748.5854502,569.6193283,,461.9073917,396.1460975,760.1126611,376.9042668,504.5605783,,491.8073019,326.5192727,337.4895067,966.4444073,641.5144177
117,739.1592003,667.4221031,747.087656,672.6533437,684.2064183,,621.9466028,716.0340134,527.7670238,747.087656,593.9326715,,456.3601366,529.3424201,621.9466028,403.9392732,527.7670238,,376.5727652,377.8901193,529.0621393,595.9920766,590.5258373
118,788.4802406,714.3208093,815.6710283,671.1379277,658.0657285,,484.4549335,690.0677509,580.055486,815.6710283,647.6396486,,515.5841572,486.085856,484.4549335,471.6859365,580.055486,,500.3834121,524.621982,540.1247978,467.3973687,496.1245886
119,914.8560591,738.8933638,628.7766676,616.8176801,722.625215,,718.0360564,600.0141186,601.6711146,628.7766676,373.307486,,482.2042329,651.2236133,718.0360564,347.5859732,601.6711146,,474.884041,292.3870662,574.018457,485.8433161,695.6542651
120,803.5056548,734.0107266,827.6927124,563.0056416,659.0479156,,671.0697509,806.0102127,484.5969919,827.6927124,288.6408932,,552.8743946,411.2273591,671.0697509,337.8883442,484.5969919,,475.6272383,426.2085906,708.0803493,472.4570117,630.8077856
121,757.0015948,707.0266344,780.1960272,772.948128,646.4854117,,701.8016744,579.0824385,433.000711,780.1960272,594.7954395,,487.5799214,424.4622398,701.8016744,421.2599276,433.000711,,406.5775795,317.2267449,514.8632509,477.5429685,503.8208279
122,976.316744,704.5416308,754.9669123,807.5612149,686.7216267,,730.1218838,654.2713657,485.3844517,754.9669123,446.7078001,,531.4348301,274.8235242,730.1218838,344.5567681,485.3844517,,248.5534105,267.6391638,497.4624881,356.0212034,467.0702531
123,830.8127472,605.4038014,695.4910659,725.4743046,659.3015127,,751.8074329,685.3115438,671.4409789,695.4910659,633.5453304,,470.3349377,613.9251369,751.8074329,441.7522446,671.4409789,,357.9681593,253.6196465,611.8726937,352.569365,597.6552062
124,841.1301877,751.8323834,818.29257,735.0683656,626.5977192,,660.4164944,772.8998342,521.9654609,818.29257,370.6615035,,679.8484823,524.9984454,660.4164944,440.7141747,521.9654609,,557.8675535,559.4280114,367.12499,488.6525715,479.9950102
125,907.2676747,733.3454824,690.6839226,621.2475264,678.9071703,,616.1858608,608.7308381,564.8882083,690.6839226,574.9154325,,490.0765388,463.7501461,616.1858608,345.4771723,564.8882083,,578.8216309,270.4264362,382.3056713,631.3712789,519.4743409
126,928.9339096,679.8087259,704.298874,773.5878808,685.1699403,,680.9956061,696.0800167,436.3964985,704.298874,648.9412869,,666.0091382,639.7434839,680.9956061,346.2368216,436.3964985,,394.2171304,321.8234008,544.7193189,679.9382218,619.1589472
127,902.2423695,810.8959071,657.241895,720.5100952,672.2475742,,611.509053,671.1142932,719.1380991,657.241895,479.7677231,,462.925102,539.9934577,611.509053,430.2967503,719.1380991,,395.0059159,335.4616932,492.5734407,417.2437266,556.9282607
128,801.739421,794.7981385,779.1339269,597.3496841,585.9120546,,623.9606721,737.5259479,489.5621348,779.1339269,597.0603458,,623.078159,569.3836734,623.9606721,654.6924821,489.5621348,,473.9688017,312.4075871,386.0584594,526.7254422,588.6304331
129,894.3964172,698.2002742,693.8691121,708.1013927,600.1508207,,542.9902733,665.3489993,646.3216244,693.8691121,402.0334027,,546.8222906,449.1863469,542.9902733,397.6457477,646.3216244,,476.2895562,559.4363709,546.6543016,305.0452478,545.1354484
130,848.7548931,729.0300515,710.8968302,562.5188813,609.1100347,,574.8443837,623.3985257,533.6237119,710.8968302,478.0098926,,651.4939805,442.137584,574.8443837,318.2928092,533.6237119,,400.7415509,453.6625898,472.0631235,442.0681308,494.803387
131,903.5519047,727.096197,731.689367,692.0476569,662.7997415,,639.3999309,685.057252,602.0412092,731.689367,556.5028321,,528.6674843,559.5413436,639.3999309,448.8803329,602.0412092,,403.6641001,463.4589205,441.2071108,546.8539594,450.8391869
132,784.74135,918.4961698,831.0495346,648.7175458,739.8518291,,658.9383085,608.3383183,545.6876464,831.0495346,601.5815776,,528.0470854,556.2859739,658.9383085,376.0378006,545.6876464,,381.2257976,395.5700457,619.4020471,337.363779,539.3575734
133,928.9398802,717.3321073,835.7224407,714.961179,633.1140133,,868.4862951,710.0112734,664.6596951,835.7224407,440.1384571,,651.5252627,455.958598,868.4862951,310.6228989,664.6596951,,524.5919832,573.5279572,393.6874579,498.3986078,417.4700476
134,687.114196,742.7967504,797.9954711,678.2818039,898.2919502,,635.4318672,674.5876704,625.5858592,797.9954711,445.2651546,,576.8480686,463.0373638,635.4318672,368.8789756,625.5858592,,484.4146728,498.3391251,366.8236489,297.5619282,728.9540864
135,864.9645998,648.4549974,738.449752,635.5709053,651.8784203,,723.9242449,624.2869608,637.7273881,738.449752,395.666749,,608.9139166,472.1110703,723.9242449,413.6164039,637.7273881,,578.9672676,427.8971843,454.9585704,509.1725842,554.4038729
136,805.0811134,789.566087,657.7246069,637.8595003,619.2740775,,547.3466806,599.1324259,509.5004714,657.7246069,435.388552,,329.2431447,503.6437936,547.3466806,309.8833272,509.5004714,,368.7910583,322.2624414,338.829519,448.5175103,473.7926954
137,927.7882823,686.5060994,807.7196348,744.8473834,556.9551613,,655.6071889,687.9985272,487.7198329,807.7196348,522.143532,,706.3258505,479.7805879,655.6071889,581.4072695,487.7198329,,289.2078156,316.443694,373.0547257,393.819105,531.8637186
138,924.7690889,885.348302,880.7802472,871.6800464,817.411471,,646.287612,545.4484335,549.6855096,880.7802472,577.6323027,,487.638685,523.3816245,646.287612,305.8182809,549.6855096,,477.9264743,572.6553136,628.8687131,759.1030235,739.7320898
139,908.9158642,782.8126667,745.1417519,810.768501,598.6884851,,718.2486354,720.1808732,631.9070342,745.1417519,525.1794222,,470.238846,632.9193102,718.2486354,281.2120089,631.9070342,,328.8212856,230.468702,259.398029,760.1958002,516.4406698
140,760.7550036,769.8918413,912.8088645,629.9261504,894.6894055,,680.5756647,687.0030989,610.717636,912.8088645,617.6399859,,452.2962862,541.7141203,680.5756647,407.8925559,610.717636,,438.4190083,321.3445541,411.5317261,572.0428958,584.6102018
141,921.178462,833.0721598,688.2330068,720.5289355,667.211933,,725.8020456,701.594926,570.3819992,688.2330068,553.8807722,,500.69189,444.6547314,725.8020456,463.033891,570.3819992,,488.0299522,318.40872,414.1289586,490.5045919,598.5591556
142,922.3616763,735.5373731,701.7347605,662.0129724,710.9861996,,688.4849499,665.9244297,709.090716,701.7347605,504.141432,,554.6335777,508.3426636,688.4849499,384.9424606,709.090716,,406.9598484,328.5994187,322.4378891,537.4012059,635.0829174
143,858.4980299,687.8257279,641.0856946,745.1462692,712.2044302,,654.7294485,558.7528352,585.9688047,641.0856946,439.3149324,,531.020834,400.2488734,654.7294485,443.3045527,585.9688047,,266.5543096,415.4780904,255.3142138,502.7949307,455.1185675
144,870.91788,723.9764439,714.6357812,755.1733575,668.5543869,,602.2562955,622.5503174,556.0326336,714.6357812,532.0664566,,364.3537671,509.8281635,602.2562955,442.4525875,556.0326336,,459.140219,183.8946259,439.8820277,452.96573,639.2361625
145,772.4558006,691.2778428,827.7671398,690.0795525,697.9526597,,631.2515106,841.5970767,617.7211085,827.7671398,421.8522623,,482.8806116,463.1488436,631.2515106,418.9740909,617.7211085,,404.1243834,318.7450428,486.8485411,322.3505796,638.2564587
146,940.4148517,848.812604,817.7535958,688.8604074,615.2174374,,620.8012724,701.4864956,606.8960491,817.7535958,423.8109091,,481.0687463,548.0831459,620.8012724,432.5384491,606.8960491,,441.3816329,480.3945981,538.4065471,604.1994867,580.7361259
147,792.4038443,700.3320945,746.9840613,708.0199064,674.2214668,,691.790982,615.2753453,396.1679961,746.9840613,419.4575464,,500.8385666,455.785302,691.790982,269.1882612,396.1679961,,372.2702475,398.1442179,310.6936563,325.1237109,502.8483159
148,873.6967582,756.268548,853.0961117,857.755304,627.5734924,,731.2571232,647.2762843,690.0301197,853.0961117,479.5294216,,573.526573,528.6507211,731.2571232,423.4931936,690.0301197,,461.6795799,248.9917806,279.3465376,577.1329245,583.3809105
149,931.4068631,701.212276,809.0072598,780.9617465,838.1451809,,629.0779963,661.4713075,662.3595634,809.0072598,455.0041562,,547.0639343,470.9888037,629.0779963,305.9041589,662.3595634,,468.3323391,341.0017523,411.7690872,484.2505583,477.5712195
150,944.9058866,715.0947359,907.698411,786.5044108,780.7348288,,754.9929347,606.8802735,713.0572615,907.698411,534.0948547,,582.9745672,558.3812877,754.9929347,580.0125611,713.0572615,,445.3841151,385.9010479,272.7500561,400.2989286,424.8005935
151,936.5859933,633.7313173,719.4029545,661.8750677,620.0692443,,758.7042842,601.4463622,571.4174862,719.4029545,382.9146294,,299.7316046,459.8980999,758.7042842,352.7452978,571.4174862,,512.0745915,292.0394184,488.9553212,362.523338,506.9405436
152,1025.370433,858.2611802,757.33691,863.6989546,814.6541072,,734.0461772,836.2627162,589.472472,757.33691,589.1018991,,472.0181531,392.3944063,734.0461772,422.5458932,589.472472,,544.241997,334.1803344,381.5016107,430.9533114,473.964726
153,974.3627484,796.9612178,800.2737201,805.1142291,661.3294337,,751.1463945,643.2385312,521.8119067,800.2737201,706.248623,,671.9859344,584.4647813,751.1463945,558.4306749,521.8119067,,414.2786493,361.2205425,401.9891606,375.1377909,598.6395356
154,832.8386768,713.934064,676.3295433,847.9216105,777.3074889,,760.0941558,669.5988131,711.5156133,676.3295433,507.373642,,434.4811499,463.4757375,760.0941558,456.0942901,711.5156133,,419.7164298,242.345458,527.7490301,337.9901879,644.2441458
155,900.4613011,632.0310853,774.8859518,721.9296853,700.305175,,565.9247744,644.9664638,642.7071159,774.8859518,565.5030938,,526.2257951,481.5258213,565.9247744,615.5260151,642.7071159,,460.9000677,214.7199408,465.6420712,401.601947,644.2250234
156,1053.721358,645.3787548,711.7377344,711.2080551,641.5965977,,587.5350322,657.2723162,612.9576708,711.7377344,623.5384168,,517.8516169,615.506475,587.5350322,345.5781789,612.9576708,,475.1554366,477.6011472,475.5062952,672.4782896,532.1498863
157,956.1625154,727.3277907,848.2889202,679.3920338,716.6881201,,678.6470534,657.08336,558.3311512,848.2889202,758.9126587,,597.628096,518.4322947,678.6470534,605.1103143,558.3311512,,480.0394651,257.9317277,299.8489372,278.102854,399.9595431
158,938.8634279,846.8765291,811.9695083,593.6594756,737.6367078,,689.7449211,752.6741294,619.2078525,811.9695083,636.9852251,,538.9948067,392.3985,689.7449211,420.9326209,619.2078525,,397.8518696,189.5312891,293.3479994,274.3548295,474.5294733
159,1023.833477,926.3831071,826.7696114,643.0344085,719.5382208,,668.0389328,678.3296546,670.1305895,826.7696114,569.4917158,,485.1045157,591.7742463,668.0389328,335.4467251,670.1305895,,537.6498091,461.1873741,515.536873,523.1575615,601.3688525
160,924.3617828,888.0119666,824.0430866,738.466495,754.7015818,,774.3720213,673.010642,596.4708808,824.0430866,640.0575593,,566.4446171,589.9984028,774.3720213,431.3308592,596.4708808,,354.9807411,254.5279,392.5866248,320.9454464,424.8729179
161,856.9489976,883.0473965,779.3606168,698.8792029,765.8404435,,550.3114838,636.1774361,550.2392194,779.3606168,461.6917351,,554.926672,527.8541359,550.3114838,324.364419,550.2392194,,442.2773338,263.4029491,451.6210763,343.3249391,483.0983482
162,1025.457517,793.258719,729.2198319,689.1943059,873.8610653,,706.0688782,752.8786625,740.3320792,729.2198319,507.4117248,,458.9217517,461.2865084,706.0688782,434.7590432,740.3320792,,522.3016045,277.3955799,351.460319,542.4308809,453.7500764
163,980.2577751,888.0715925,954.529523,658.3795697,807.227443,,696.9512709,458.5173321,529.028248,954.529523,541.0630005,,549.643733,534.9240754,696.9512709,371.8260347,529.028248,,374.6552863,378.300735,483.9606258,405.3342043,579.6676513
164,901.220395,739.4913275,642.7818044,516.4778509,669.9154791,,665.2344153,612.626752,737.9683314,642.7818044,722.1574646,,515.1864719,515.7764971,665.2344153,271.9595222,737.9683314,,407.8830878,345.6867662,408.8773964,441.5815582,410.3068626
165,924.7474002,772.2162151,786.3800745,683.6328947,756.2098235,,703.0744493,625.2226806,653.3104021,786.3800745,573.7045821,,497.1724048,505.8402215,703.0744493,436.6506872,653.3104021,,585.7843122,387.2356753,426.7531042,527.0724528,540.1668273
166,1029.884885,836.1096134,902.2363798,714.3159883,737.2023894,,775.3453891,752.2874784,564.8909722,902.2363798,435.5431896,,605.5267473,554.8110209,775.3453891,417.7142696,564.8909722,,484.3093152,352.8162969,511.8326895,404.2026709,551.9154953
167,942.2944731,767.2756776,806.5098399,742.740707,679.0713504,,758.3052472,729.057775,487.1181038,806.5098399,462.6663885,,565.503827,596.9781302,758.3052472,618.5997584,487.1181038,,372.6835919,365.9151178,350.255442,369.0224271,576.3519282
168,872.5113461,748.9913665,760.2587492,660.6801294,727.0703221,,613.2910282,641.1944161,632.5857108,760.2587492,632.8879135,,527.7703165,437.1726573,613.2910282,390.5140526,632.5857108,,411.0327617,476.3890473,429.3367961,340.8362502,610.5167928
169,847.6289167,679.6667498,1008.339123,743.7177295,844.2775747,,604.2509203,653.4025068,420.4375686,1008.339123,495.4991226,,426.8978192,469.4606264,604.2509203,345.4804066,420.4375686,,419.1478488,232.9525846,588.5916212,417.3528279,556.4755957
170,961.1481741,692.9659057,807.9980098,758.0036601,687.5182579,,697.3528198,597.8234431,610.1013034,807.9980098,422.6000946,,540.38616,507.5718273,697.3528198,442.8564273,610.1013034,,559.3906923,467.0761236,404.24493,448.4747348,660.5769604
171,1084.469781,720.520675,692.4727891,710.8422862,675.414478,,626.673497,624.7204157,528.6914267,692.4727891,475.101767,,438.8341385,417.5261259,626.673497,340.8324203,528.6914267,,474.140799,361.8821904,487.2147526,479.3911566,671.4665903
172,879.7223359,873.2600187,843.4032444,691.9592859,703.8329438,,699.0037264,764.575398,519.9082351,843.4032444,587.3401616,,593.4304185,675.2091534,699.0037264,550.6385179,519.9082351,,541.4785204,536.4555631,326.9920019,434.0443594,616.4206792
173,890.5076441,793.1119114,862.0418286,713.2035647,685.3678205,,774.1375794,616.6047864,611.3822882,862.0418286,462.5308554,,634.2188067,485.7919426,774.1375794,453.3442042,611.3822882,,499.2069271,280.2221868,475.1903384,533.5942067,588.8283549
174,952.0353182,775.930256,789.2644547,656.8098186,622.0662431,,687.2712945,700.9112678,576.6092153,789.2644547,568.5574403,,603.9052047,642.2147693,687.2712945,408.4216832,576.6092153,,561.5938509,382.7981673,343.3174607,414.8265239,380.4992663
175,1018.564489,847.2047798,769.8707853,750.3131567,675.1160019,,521.9634142,660.5227434,613.3430091,769.8707853,648.4102253,,375.4667897,499.4195203,521.9634142,417.2076219,613.3430091,,421.0820383,342.0525213,520.8407267,444.9443395,545.1174262
176,939.4440202,734.7922508,874.5665337,717.9771171,615.6544883,,620.5282482,574.0143213,452.5621397,874.5665337,679.1603461,,416.4552459,467.7388463,620.5282482,395.689266,452.5621397,,330.0442318,301.9290933,442.622985,410.6294346,490.8300813
177,976.61372,723.0925682,632.890988,803.5840167,558.2589128,,588.5109255,730.5354666,514.8108142,632.890988,542.0913786,,511.7314078,510.7206989,588.5109255,508.821912,514.8108142,,524.0550984,373.8573554,380.1227669,578.1907182,523.7720108
178,868.3493222,749.1316696,901.6855313,770.6461391,813.2957412,,729.6267079,668.7173879,591.5596032,901.6855313,663.7778243,,463.1616922,571.1746811,729.6267079,493.6467666,591.5596032,,393.2804142,499.6499101,498.5498253,604.1175975,515.5771053
179,870.2077365,779.605782,957.5742719,803.9765339,736.3018313,,738.2436555,707.9456328,603.8543372,957.5742719,512.6900395,,527.5421072,576.7681387,738.2436555,425.5058865,603.8543372,,586.1245253,389.8037767,483.4651023,538.9503425,426.8702599
180,899.6432474,788.3360154,809.0110852,717.7133655,605.5816989,,689.6524469,617.4081063,670.2975228,809.0110852,543.5094052,,572.7473097,356.1613775,689.6524469,436.4874623,670.2975228,,419.1001232,214.497589,453.27577,482.2322036,563.5084718
181,917.7408941,797.9505105,823.7484658,752.5911413,755.6948493,,622.0387194,713.7774027,868.9923385,823.7484658,478.3769397,,455.426162,500.8550643,622.0387194,470.9855878,868.9923385,,478.0675672,274.8123918,542.1347032,579.3593106,422.7849904
182,969.1485966,704.1749464,893.0845581,706.9857602,753.7452174,,743.4978312,644.2776215,652.6855995,893.0845581,555.3432959,,556.1129176,483.5370779,743.4978312,468.0501726,652.6855995,,575.7615851,549.5932576,479.7480478,349.2633487,525.3373114
183,882.2253312,746.2243598,925.461575,770.8095596,687.2761886,,769.3546713,815.8774605,630.9409695,925.461575,329.1483198,,714.6562733,437.1699094,769.3546713,327.3085328,630.9409695,,501.6746035,362.7594959,602.841706,535.527998,449.3807743
184,988.1252663,857.7837476,864.6766968,839.5332713,764.8188374,,862.2265994,600.3365115,596.0161552,864.6766968,672.1285417,,483.9159798,656.4656631,862.2265994,561.8759971,596.0161552,,649.040934,368.8832331,593.2054084,441.6180695,629.5411972
185,889.1899582,841.8875284,759.4477983,675.5723398,711.779216,,686.9520677,601.6456175,661.5818682,759.4477983,575.0480902,,596.7125866,540.7732699,686.9520677,564.88717,661.5818682,,374.6828845,243.2971502,464.8242273,495.3276035,470.7276167
186,939.7119416,794.655715,827.4942998,736.8891104,829.8838349,,754.5178894,730.8556472,652.801621,827.4942998,678.0906894,,514.3076079,554.5945396,754.5178894,401.2712522,652.801621,,328.0839681,376.963779,280.5610029,440.950696,499.3293821
187,961.7153459,786.0038059,763.4029191,718.080753,814.5496711,,614.6643781,717.3909158,478.2945864,763.4029191,437.7088441,,578.2438232,627.0272638,614.6643781,328.6689555,478.2945864,,396.4472522,301.6515064,350.4838062,300.918602,436.9051547
188,974.9798029,934.2346966,797.8828306,782.5741883,812.8886796,,663.9374258,844.2078809,619.7695506,797.8828306,499.0683699,,693.5083327,457.3805374,663.9374258,392.495535,619.7695506,,420.684479,270.2960298,310.6864849,399.3847147,424.7553485
189,1022.793885,748.2260317,694.6006669,744.2524405,689.7398729,,651.8741208,687.1041592,570.86974,694.6006669,635.5162276,,451.4561066,541.5186466,651.8741208,406.3822782,570.86974,,358.1402976,437.2317521,614.3021102,569.3237322,529.804662
190,860.4467338,715.282079,824.098198,644.7232337,663.0518126,,631.9774928,591.0702486,724.5204069,824.098198,451.3876434,,563.1680827,611.5276029,631.9774928,359.5139989,724.5204069,,561.0141161,273.1240405,668.1284374,535.9719078,404.6887763
191,896.1255718,730.3662801,768.1956113,729.1972632,708.4737092,,660.3742445,704.9582192,598.0815647,768.1956113,615.3735881,,562.8017632,593.0700161,660.3742445,518.7265476,598.0815647,,391.3454689,490.784195,396.7675129,586.3230044,414.3308526
192,1102.165441,798.7554317,860.4939865,717.5403124,786.0453256,,716.0606293,744.8754331,771.6676793,860.4939865,735.1427256,,623.2635332,649.5733678,716.0606293,526.1761889,771.6676793,,772.8100953,415.0320957,444.6885188,548.9098364,622.9929548
193,1079.921267,815.4117173,842.8566389,919.0778959,757.5982923,,686.9211324,707.6980476,665.3849856,842.8566389,783.3875985,,401.0693343,423.620019,686.9211324,501.9197761,665.3849856,,591.2715689,428.9697023,490.7898289,460.7406607,603.0716716
194,973.0443825,880.2923562,905.5734264,709.807159,691.0620718,,672.5333761,683.3116924,569.9363152,905.5734264,597.6923697,,538.3047033,529.3956149,672.5333761,298.3244708,569.9363152,,406.1289772,431.9956704,328.2283849,517.7505585,517.0177937
195,925.627767,771.8442416,725.934033,717.203883,679.4363572,,651.6563211,706.6983955,792.5185338,725.934033,524.3820174,,560.2400261,757.1415756,651.6563211,439.634841,792.5185338,,595.6074122,329.0990686,554.9620568,419.4587128,523.0968175
196,928.0484252,930.8721477,896.7212046,827.1465877,723.9829155,,772.3114254,701.4277311,775.3319611,896.7212046,602.0624169,,617.1044013,614.5534429,772.3114254,440.7248409,775.3319611,,397.6374942,358.1930871,441.5749659,377.6157952,354.4275874
197,882.7802963,802.4207552,802.7262592,753.5019383,714.9673404,,709.8095737,624.6769767,616.178273,802.7262592,542.6342966,,607.7257566,530.0499203,709.8095737,535.0057488,616.178273,,565.4372287,431.6934044,450.3164911,528.5318685,435.9986623
198,885.339257,738.6669311,891.1854965,692.2948681,931.6665965,,691.6929527,655.9888755,727.8378088,891.1854965,589.8923581,,589.1822855,625.1759269,691.6929527,345.7451523,727.8378088,,475.816947,284.3670906,511.1918186,709.4114419,662.7149048
199,920.1807364,849.7567457,842.6823606,659.4965492,692.9223188,,782.5051267,765.7835853,766.743624,842.6823606,571.340401,,523.0129693,616.8017636,782.5051267,474.1902677,766.743624,,578.8799235,341.3621814,493.4544786,297.9420548,347.1055638
200,943.6203105,754.6768017,797.1523193,819.0476719,699.8442579,,570.3670553,799.8577578,575.6725585,797.1523193,371.1910169,,573.7957547,470.2418974,570.3670553,470.7889696,575.6725585,,506.693375,412.4302425,616.4303447,759.1099621,600.7128173
201,949.9881675,595.6922697,900.7015403,673.3964288,732.1517005,,562.0735035,667.4060552,434.4133115,900.7015403,654.626354,,749.9316642,356.7781646,562.0735035,484.0440342,434.4133115,,485.6665187,457.0945748,363.068222,569.1495439,577.9902107
202,953.7813306,766.9649232,869.375398,764.1310734,728.3102974,,688.1495289,653.1052643,623.5886939,869.375398,612.4622207,,491.06176,456.0061902,688.1495289,332.9616139,623.5886939,,395.5732358,498.101727,481.9316258,417.6232007,414.1187435
203,919.4932502,643.5764145,877.7448075,803.3505268,589.9762291,,680.3908326,683.5262999,573.5668592,877.7448075,455.4009232,,589.0181535,518.3000305,680.3908326,450.9750585,573.5668592,,441.9431176,320.3305726,464.6967802,455.1417968,528.2650837
204,888.4082644,778.1429736,767.6687804,702.4331617,875.4837503,,731.7226808,670.7811875,599.8898994,767.6687804,710.8352946,,504.5144236,542.8351507,731.7226808,389.4249375,599.8898994,,522.9882976,427.1163328,425.6940796,555.8412496,445.3925955
205,844.618645,915.5533036,822.6702386,862.8111367,652.9706388,,716.4504403,707.1791662,557.2408394,822.6702386,501.8187137,,606.1393507,355.9717667,716.4504403,561.4943058,557.2408394,,468.8879005,450.9034496,324.7720196,457.1023297,456.864796
206,943.0433828,757.5570436,835.7211782,879.6588851,681.6261111,,593.5835883,635.276204,660.347764,835.7211782,744.3520359,,600.8542059,658.6534549,593.5835883,425.2512819,660.347764,,400.9754087,310.9862294,269.1693676,373.1350983,400.726737
207,894.5777155,806.4571444,738.6641008,707.8333383,803.3362871,,708.2649881,763.4428107,636.5187913,738.6641008,553.0617698,,628.7498988,487.3698323,708.2649881,388.0566946,636.5187913,,432.899172,294.416555,424.5195763,321.7499931,411.2573579
208,961.4244238,799.9804534,747.9745882,669.6763979,679.6555424,,734.8824422,656.1806096,587.6754801,747.9745882,620.1883085,,710.2145821,331.0153708,734.8824422,472.793689,587.6754801,,589.8529982,391.9008168,433.7700874,346.8316648,509.2434894
209,957.5326272,755.757077,644.903745,742.163015,621.9994716,,734.5757037,647.0545124,568.7240319,644.903745,520.1133772,,426.801735,429.161951,734.5757037,396.4497522,568.7240319,,474.3214996,260.6282864,676.1174413,433.9912715,366.1131779
210,993.9352284,737.6194646,828.9807844,652.1730792,783.9154143,,714.8682831,624.0427996,592.4077968,828.9807844,374.4249179,,643.6157743,480.5488742,714.8682831,301.4422013,592.4077968,,653.2317665,478.950142,508.7309604,466.2357223,441.7140481
211,770.8436072,849.590772,771.3621324,719.5831896,832.1461419,,685.7252977,697.6667656,598.5543529,771.3621324,492.3016447,,641.1790549,670.3612274,685.7252977,459.8989066,598.5543529,,318.4364625,255.4648097,374.4294306,405.1603165,549.1005006
212,913.1589715,786.8392775,760.2456594,789.3507952,728.2328838,,592.0405257,622.2167103,464.1587573,760.2456594,461.200076,,517.8103982,556.9796661,592.0405257,281.7567921,464.1587573,,326.4059276,374.3052554,580.3659856,380.1580043,550.694244
213,916.2184328,732.6543659,806.0630096,655.492101,561.4268679,,791.1752733,603.5071007,763.4042826,806.0630096,683.0809481,,564.6805835,504.761883,791.1752733,375.0745545,763.4042826,,630.3862643,382.9976949,564.8643558,409.1643315,535.4303944
214,941.5886856,647.575231,754.0601128,625.6647421,735.1427651,,800.8925261,877.7362177,745.3598249,754.0601128,582.8575561,,467.9503954,596.786967,800.8925261,380.6525761,745.3598249,,508.2410343,424.2028599,396.2192205,489.5441879,573.9539599
215,865.4091555,695.7002339,884.2795256,609.9078513,781.1022771,,746.0078819,731.486451,783.9023822,884.2795256,538.2724318,,627.1471045,426.8039411,746.0078819,465.5823499,783.9023822,,616.8723827,350.1061067,454.9938442,590.9703658,499.1109499
216,861.6107135,761.0547747,768.3613834,678.8393257,729.7167234,,816.3224401,668.2266537,494.7110648,768.3613834,532.9902446,,530.8455848,466.8375071,816.3224401,377.5731597,494.7110648,,471.8407939,395.6563866,482.5176503,429.6981968,493.3622376
217,846.59687,818.8406105,832.0413848,700.5964162,711.6175623,,570.6853617,762.9760888,526.3911436,832.0413848,501.8726412,,454.8768829,499.0028606,570.6853617,444.0193042,526.3911436,,348.0851804,182.1266571,289.2746142,167.3989411,593.8258059
218,746.9758222,807.4551651,767.8450284,766.5797152,662.0874597,,625.0895102,703.698267,409.5994385,767.8450284,490.7938887,,454.7107164,528.1290115,625.0895102,249.7293789,409.5994385,,421.5444467,484.280825,420.3743088,354.4393228,350.8963255
219,1032.113859,730.799809,788.2561608,896.514839,559.5993904,,675.2216869,710.7419261,669.8225427,788.2561608,425.3555474,,653.6709594,615.8046407,675.2216869,433.9413757,669.8225427,,453.2567365,388.644784,378.4478785,530.5774018,513.6106869
220,901.0723972,793.1437369,827.8115454,761.5250607,710.7449682,,650.674153,722.8773359,556.042934,827.8115454,687.615195,,416.1783342,530.4398278,650.674153,565.6339671,556.042934,,573.6807223,405.7904987,441.2549096,315.612267,527.5327112
221,730.0284847,757.0205136,841.784889,762.2798231,737.6565159,,701.6548067,664.7430691,662.8799292,841.784889,653.0080124,,433.6220844,371.5852387,701.6548067,334.0498045,662.8799292,,442.8027267,430.9430424,467.3442997,515.8330641,455.5350256
222,906.5699995,793.6789016,753.8051804,680.1028303,643.7193069,,695.5962074,664.5347335,488.5471342,753.8051804,483.2006714,,495.0640234,514.9138369,695.5962074,520.0225309,488.5471342,,395.5076796,387.1068159,502.8651686,700.3490461,429.9552035
223,938.666766,869.0774651,592.5012082,621.6371614,642.3570931,,788.6975366,728.1822342,728.3423978,592.5012082,375.6749272,,581.1703407,546.8672859,788.6975366,291.3785797,728.3423978,,441.4115034,395.8760999,213.9316545,330.5975196,664.8106526
224,915.1466532,729.9817084,629.3936061,733.1920167,772.4790404,,670.8077768,713.861954,698.5160189,629.3936061,544.2722982,,395.3929119,560.2125141,670.8077768,484.2375325,698.5160189,,475.7730717,335.7398357,502.8969606,501.3556829,474.5122646
225,897.627129,845.7434412,872.3653914,812.2113105,742.5089623,,771.2844774,659.8637313,560.4872559,872.3653914,468.7262304,,577.3291762,492.5938958,771.2844774,448.5089077,560.4872559,,465.1894908,227.4199408,383.2098408,340.488401,473.1967068
226,945.8813294,788.6600551,692.999217,679.3505873,647.9052666,,756.3523047,595.9585561,544.1002217,692.999217,356.9084341,,746.3887477,646.310887,756.3523047,503.6410936,544.1002217,,382.8229459,349.5467309,373.4408532,465.0097834,420.4658248
227,777.3705709,798.6687941,971.2520753,802.6710294,651.6852654,,663.0426557,662.556052,473.2865729,971.2520753,594.5493247,,454.441519,363.1947083,663.0426557,438.964951,473.2865729,,406.0183094,255.1864379,529.2795473,485.3776812,498.9013364
228,1018.821034,718.454487,682.2641402,714.7766178,880.8146572,,685.7414836,560.3568552,453.8651382,682.2641402,592.3077119,,503.5905404,452.6550412,685.7414836,415.2384928,453.8651382,,545.1613466,308.5747445,484.4446268,459.0714532,758.3440175
229,1026.3863,788.9466631,899.792996,783.7903863,734.2771518,,702.526143,692.7611584,661.0318574,899.792996,568.1937313,,509.0339019,575.4656952,702.526143,568.3879515,661.0318574,,379.5506997,423.6453779,390.4693896,551.349621,582.2876144
230,822.5482531,720.8475454,896.0505828,786.4055196,779.62455,,644.2968738,645.988795,377.7641135,896.0505828,578.0480471,,497.9749238,400.9646963,644.2968738,378.6960304,377.7641135,,427.5096282,440.6146901,502.0207019,569.6473608,694.3271603
231,811.6678745,751.7410959,687.3341111,753.5827107,729.7705038,,751.3168053,779.4855346,381.6697705,687.3341111,661.4100527,,518.9592558,392.8444187,751.3168053,558.5322501,381.6697705,,442.6596033,228.3454644,293.5780529,582.2225352,589.9750663
232,1076.558186,702.3669793,735.8613482,739.7408525,708.6388045,,649.5933201,722.271317,609.3986835,735.8613482,731.7754785,,643.7631799,584.2679449,649.5933201,517.4547259,609.3986835,,542.687309,343.67513,460.3927536,735.623221,583.144793
233,1005.720327,718.7766342,777.6805689,707.886446,702.4648954,,783.7009015,800.4920557,737.2486534,777.6805689,678.3779367,,574.5798068,453.6486606,783.7009015,459.2252118,737.2486534,,408.8573665,353.6499961,458.3124419,422.2410189,464.8626149
234,915.6240605,910.7751426,778.7953553,770.6459236,663.3622537,,686.0961103,589.0547022,387.7753637,778.7953553,404.1495827,,546.3217417,516.0765729,686.0961103,358.6220287,387.7753637,,499.2874592,479.181271,585.4012341,302.9456015,460.6245151
235,1027.848558,851.2614476,689.292201,660.7027812,644.4796223,,586.6875727,679.0621084,598.9353969,689.292201,633.4107207,,575.712681,519.4814233,586.6875727,460.1335458,598.9353969,,369.6704696,312.9398726,420.6250609,380.7327489,479.5051279
236,961.3030162,813.0952042,680.4782788,778.8260033,638.3190783,,590.9160338,731.680191,678.873947,680.4782788,629.9314952,,507.7985887,493.92165,590.9160338,415.1863984,678.873947,,444.9883217,181.8317187,310.4372419,476.2380752,491.1505649
237,946.9408407,783.5012774,767.4847,722.4550369,698.8504063,,572.1482718,652.5645965,617.3000282,767.4847,415.7520113,,578.3461725,408.3238205,572.1482718,547.1159927,617.3000282,,617.034362,362.934965,574.3314926,570.9509239,576.4077127
238,962.4487731,792.01784,900.3673532,646.8047376,691.9113232,,675.4058749,774.3359796,784.8234171,900.3673532,590.7393587,,511.8362146,418.2518343,675.4058749,417.7870222,784.8234171,,478.3602189,372.2812959,513.116334,381.7935617,317.1878845
239,974.9258201,723.0812528,796.7932932,672.1023416,726.5718903,,680.5873611,578.1137223,506.023105,796.7932932,512.371574,,701.0619927,425.7625797,680.5873611,479.0124921,506.023105,,244.3399487,268.9421913,371.665537,534.3800416,377.278461
240,890.3150744,948.3393364,784.259444,691.664202,826.3217151,,828.8713584,699.1018353,729.3675465,784.259444,531.1172098,,531.145483,526.8171049,828.8713584,433.1364124,729.3675465,,367.1931222,404.0012551,437.4749696,387.4932134,379.8428333
241,971.9730583,683.0748641,725.5335471,634.9099973,783.9086385,,703.8688195,675.2302291,654.2190012,725.5335471,553.8093401,,591.8081038,624.4226934,703.8688195,256.6061183,654.2190012,,450.367211,282.8582657,326.0613924,353.2728416,606.302201
242,918.4060528,822.6263833,781.0340775,880.2553895,669.2433714,,638.145598,640.5951722,569.1323498,781.0340775,621.7021714,,672.5836241,366.0752364,638.145598,459.5662034,569.1323498,,408.8244179,376.5027306,447.5408214,379.743694,533.6701809
243,890.0330614,782.8597308,717.3354437,597.3051137,786.1612433,,578.2795331,688.43302,565.7882442,717.3354437,489.962013,,621.1666739,445.6140757,578.2795331,298.3780803,565.7882442,,456.2841522,576.1763437,202.1501631,646.6274972,600.0505813
244,883.9410329,750.009143,790.6383288,717.7400894,832.7788099,,632.8755434,684.7595119,701.2285613,790.6383288,619.6725728,,766.9306392,675.9943163,632.8755434,394.6631205,701.2285613,,355.4556741,572.2178776,513.6280584,377.6577652,735.1369939
245,865.4711086,752.7791282,759.7303883,681.792079,659.0908868,,702.7525973,621.446085,544.8785834,759.7303883,575.8513566,,591.268472,578.463737,702.7525973,581.9252617,544.8785834,,593.1426123,394.2663681,576.7581538,762.4376777,540.4081955
246,967.2869094,838.0496492,801.06749,691.4995141,775.4546595,,694.83816,532.134631,576.0660746,801.06749,319.0711407,,587.9372268,623.0179479,694.83816,388.2467793,576.0660746,,464.8067047,301.1929748,479.4486136,425.8063423,444.9896888
247,1020.928607,849.5896183,669.7371429,723.2794508,673.664594,,593.6696281,785.3872077,560.818941,669.7371429,727.9365977,,573.9021927,551.3827552,593.6696281,439.1951149,560.818941,,582.1795149,528.2427095,382.5755362,487.0630822,671.9178756
248,905.0055131,916.0959211,818.2146624,815.1814341,712.3159425,,704.1912565,753.461267,675.0167074,818.2146624,581.996285,,472.8915639,423.3916479,704.1912565,378.528417,675.0167074,,456.6163928,156.8227424,503.8633526,481.9322086,622.959582
249,853.269376,701.4794037,797.108443,699.1529837,742.827729,,802.3542804,597.9715587,638.2173133,797.108443,499.0659068,,627.8983728,514.8745972,802.3542804,645.9462735,638.2173133,,435.6589471,385.8747845,556.6715182,538.5148695,547.5781625
250,870.1237628,911.7822576,838.2196792,679.2092066,744.6954406,,750.8397281,662.565329,579.0808196,838.2196792,438.4729074,,449.9736525,447.9015067,750.8397281,409.7562324,579.0808196,,376.3893394,460.3546933,353.7422515,552.5646068,660.1656864
251,973.5449352,812.8882461,809.2019821,709.2646441,710.4464392,,667.1659941,643.1651244,593.8898921,809.2019821,572.9307277,,437.4036417,652.2685889,667.1659941,328.9531009,593.8898921,,524.9301063,352.691667,329.4063656,321.2384703,392.6857237
252,966.2582302,772.9860178,801.454778,910.89805,777.4371989,,654.3675696,788.9721487,539.4775865,801.454778,491.1046849,,646.4314202,600.1780668,654.3675696,412.2428659,539.4775865,,481.0186006,348.3509671,493.7007496,450.4753342,498.2765914
253,1025.005638,805.4604424,792.3228227,725.7314965,623.5156473,,630.3168836,587.7779394,339.2607389,792.3228227,543.9940492,,409.0694389,463.1684944,630.3168836,585.0235672,339.2607389,,464.1097351,460.3679567,373.9824214,316.2126672,367.8598703
254,933.1243604,770.6366899,728.3161274,694.7144049,612.5145234,,697.9319463,669.1817686,716.8085055,728.3161274,552.891938,,616.3925807,702.5676689,697.9319463,492.1265061,716.8085055,,296.4987997,355.2443023,362.3849728,304.7395196,520.587729
